name,album,artist,mood
1999,1999,Prince,Happy
23,23,Blonde Redhead,Sad
9 Crimes,9,Damien Rice,Sad
99 Luftballons,99 Luftballons,Nena,Happy
A Boy Brushed Red Living In Black And White,They're Only Chasing Safety,Underoath,Surprise
A Burden to Bear,A Burden to Bear,Emmanuelle Rimbaud,Calm
A La Plage,A La Plage,Ron Adelaar,Calm
A Little Less Conversation - JXL Radio Edit Remix,Elvis 75 - Good Rockin' Tonight,Elvis Presley,Happy
A Place for My Head,Hybrid Theory (Bonus Edition),Linkin Park,Surprise
ATTACK,A Beautiful Lie + 30 Seconds To Mars,Thirty Seconds To Mars,Surprise
Adagio For Strings,Adagio For Strings,Lucas & Steve,Surprise
Adjustments,Adjustments,Josie Mehlin,Calm
Adrift,Adrift,Cooper Sams,Calm
Afraid of Heights,Afraid of Heights,Billy Talent,Surprise
Africa,Toto IV,TOTO,Happy
After The Rain,After The Rain,Comet Blue,Calm
Afterlife,Avenged Sevenfold,Avenged Sevenfold,Surprise
Algo Rhythm,Temporär Musik 1-13,One Sentence. Supervisor,Sad
Alison,Souvlaki,Slowdive,Sad
Alive,Alive,Paris Blohm,Surprise
All I Want,The Kodaline EP,Kodaline,Sad
All Mirrors,All Mirrors,Angel Olsen,Sad
All These Things I Hate (Revolve Around Me),The Poison,Bullet For My Valentine,Surprise
All in the Suit That You Wear,Thank You,Stone Temple Pilots,Surprise
All of Me,Love In The Future (Expanded Edition),John Legend,Sad
All or Nothing (feat. Axel Ehnström) - Deluxe Mix,Less is More (Deluxe),Lost Frequencies,Happy
Always,Back Into Your System,Saliva,Surprise
Ambre,Wintermusik,Nils Frahm,Calm
Anaviosi,Anaviosi,Alexi Musnitsky,Calm
Anchor,Anchor,Novo Amor,Sad
Andromeda,Andromeda,Weyes Blood,Sad
Angel's Song,Angel's Song,Arlo Parks,Sad
Angry Chair,The Essential Alice In Chains,Alice In Chains,Surprise
Anthem,Anthem,EDX,Happy
Anthem of Our Dying Day,Page Avenue (US Non-PA Version),Story Of The Year,Surprise
Are You Gonna Be My Girl,Get Born,Jet,Happy
As I Sleep (feat. Charlee),As I Sleep (feat. Charlee),Tobtok,Surprise
Ashes to Ashes,Ashes to Ashes,Warpaint,Sad
Atlavík,Varða,Hugar,Calm
Auburn Sky,Auburn Sky,Toledo Rains,Calm
Awaken,Awaken,William Duhamel,Calm
Away From Me,Life On Display,Puddle Of Mudd,Surprise
Back Where I Belong (feat. Avicii),Back Where I Belong (feat. Avicii),Otto Knows,Surprise
Back+,Back+,Ton Snijders,Calm
Bad Feeling,Bad Feeling,Muzz,Sad
Bad Kingdom,Gold,May,Sad
Bad Timing,Bad Timing,Arlo Day,Sad
Ballad of the Dying Man,Ballad of the Dying Man,Father John Misty,Sad
Balloon,Balloon,YuMe,Calm
Bat Country,City of Evil,Avenged Sevenfold,Surprise
Bayybe 07,Bayybe,Bilo 503,Calm
Be My Mistake,A Brief Inquiry Into Online Relationships,The 1975,Sad
Beautiful Life,Beautiful Life,Lost Frequencies,Happy
Beautiful Night,Burden Brothers EP,Burden Brothers,Surprise
Beekweide,Beekweide,Job Roggeveen,Calm
Before You Go,Divinely Uninspired To A Hellish Extent (Extended Edition),Lewis Capaldi,Sad
Bennie And The Jets - Remastered 2014,Goodbye Yellow Brick Road (40th Anniversary Celebration/ Super Deluxe Edition),Elton John,Happy
Better Than Today,Better Than Today,Rhys Lewis,Sad
Better Together,In Between Dreams,Jack Johnson,Happy
Betty,Betty,Wilson Trouvé,Calm
Billinghurst,Damon EP,Jeremy Olander,Surprise
Bird,Writing of Blues and Yellows (Deluxe Version),Billie Marten,Sad
Bison on the Plains,Bison on the Plains,Grandaddy,Sad
Black Car,Black Car,Beach House,Sad
Blackout,Blackout,(Hed) P.E.,Surprise
Blame,Blame,Manse,Surprise
Blaster,Blaster,Marc Benjamin,Surprise
Bleed American,Bleed American,Jimmy Eat World,Surprise
Bloodbuzz Ohio,Bloodbuzz Ohio,SOAK,Sad
Bloom,Bloom,Hilder Sky,Calm
Bloom Innocent,Bloom Innocent,Fink,Sad
Blow,Blow,Yves V,Happy
Body Rock,Body Rock,Bingo Players,Happy
Boiler,Chocolate Starfish And The Hot Dog Flavored Water (Explicit Version),Limp Bizkit,Surprise
Bortom Träden,I Blomstertid,Erik Reno,Calm
Bottom Of The Sea,Bottom Of The Sea,Isaac Elton,Happy
Bottom of a Bottle,Shapeshifter,Smile Empty Soul,Surprise
Bouquet with Lilies,Bouquet with Lilies,La Acacia,Calm
Break Stuff,Significant Other (Explicit),Limp Bizkit,Surprise
Breathe,Breathe,Hans Voller,Calm
Breathe Me,Colour The Small One,Sia,Sad
Brimful of Asha - Norman Cook Remix,Why Try Harder - Greatest Hits,Fatboy Slim,Happy
Bruises,Divinely Uninspired To A Hellish Extent,Lewis Capaldi,Sad
Butterfly,The Gift Of Game,Crazy Town,Happy
Bye Bye Little House,Bye Bye Little House,Ella van der Woude,Calm
California Dreamin',If You Can Believe Your Eyes And Ears,The Mamas & The Papas,Happy
Calm Wilderness,Calm Wilderness,Night Sounds,Calm
Car Underwater,What To Do When You Are Dead,Armor For Sleep,Surprise
Chariot,B-Sides and Rarities,Beach House,Sad
Children Of Today,Children Of Today,Blasterjaxx,Surprise
Chocolate,The 1975,The 1975,Happy
Chop Suey!,Toxicity,System Of A Down,Surprise
City Lights,City Lights,Marlies du Mosch,Calm
Clap Your Hands,Clap Your Hands,Sia,Happy
Cleansing,Cleansing,Jacco Wynia,Calm
Clear Skies,Clear Skies,Dhyana Thomas,Calm
Click Click Boom,Every Six Seconds,Saliva,Surprise
Coda,Endeavour,Jakob Ahlbom,Calm
Cold Arms,Wilder Mind,Mumford & Sons,Sad
Cold Nights,Cold Nights,Camo Columbo,Sad
Cold as Stone (feat. Charlotte Lawrence) - Lipless Remix,Cold as Stone (Remixes) (feat. Charlotte Lawrence),Kaskade,Surprise
Colgando,Siesta,Barulinho,Calm
Collapse Into Light,Collapse Into Light,Evin Iris,Calm
Come On Eileen,Too Rye Ay (Deluxe Edition),Dexys Midnight Runners,Happy
Come Out And Play (Keep ?Em Separated),Greatest Hits,The Offspring,Surprise
Coming Home,Coming Home,Zoe Connelly,Calm
Coming Undone,Coming Undone,Korn,Surprise
Consequences,Camila,Camila Cabello,Sad
Conversation,Conversation,Lucy Rose,Sad
Count On You - ATFC's C-thru Remix,Count On You (ATFC's C-thru Remix),Autoerotique,Happy
Count That - R3HAB Edit,Count That (R3HAB Edit),Steff da Campo,Surprise
Courage,Courage,Ian Wong,Calm
Crash,Crash,Chris Malinchak,Happy
Crawling In The Dark,Hoobastank,Hoobastank,Surprise
Crazy,St. Elsewhere,Gnarls Barkley,Happy
Crazy Horses,Crazy Horses,The Osmonds,Happy
Creep,The Best Of,Radiohead,Sad
Crossing,Crossing,The Tides,Calm
Crystal Baller - 2006 Remaster,A Collection,Third Eye Blind,Surprise
Crystal Shores,Crystal Shores,Dean Valio,Calm
Curiosity,Curiosity,Beau Projet,Calm
Curious Morning,Curious Morning,Michael Orvind,Calm
Cursive,As Long As - EP,Billie Marten,Sad
Daar Gaat Ze,Clouseau30,Clouseau,Happy
Dance Little Sister,Introducing The Hardline According To Terence Trent D'Arby,Terence Trent D'Arby,Happy
Dancing On My Own,Dancing On My Own,Calum Scott,Sad
Dancing Through Sunday,Sing The Sorrow,AFI,Surprise
Dancing With Your Ghost,Dancing With Your Ghost,Sasha Sloan,Sad
Dancing With an Astronaut,Dancing With an Astronaut,Ellie Rose,Sad
Dani California,Stadium Arcadium,Red Hot Chili Peppers,Surprise
Dark Side of the Gym,Sleep Well Beast,The National,Sad
Darkest Hour,Darkest Hour,Low Roar,Sad
Dawning,Dawning,Light of Sun,Calm
Day 5: For Carol,5 Day Mischon,Tom Misch,Calm
De Fléche,De Fléche,Les Manger Tous,Calm
Dear Diary,Dear Diary,Anthony Ramos,Sad
Deep Dark Jungle,Deep Dark Jungle,Nicky Romero,Happy
Den inre skogen,Den inre skogen,Thomas Jackson,Calm
Desire Lines,Split,Lush,Sad
Devotion And Desire,Bayside,Bayside,Surprise
Dew Drops,Vortex,Pieter de Graaf,Calm
Dive,The Soft Cavalry,The Soft Cavalry,Sad
Do Bad Well (feat. Nevve),Do Bad Well (feat. Nevve),KSHMR,Surprise
Do It Again,Do It Again,Steve Aoki,Surprise
Dolerme,Dolerme,ROSALÍA,Sad
Don't Stop,Rumours,Fleetwood Mac,Happy
Don't Stop Me Now - 2011 Mix,Jazz (Deluxe Remastered Version),Queen,Happy
Don't You (Forget About Me) - Remastered,Celebrate (Greatest Hits),Simple Minds,Happy
Don?t Delete The Kisses,Visions Of A Life,Wolf Alice,Sad
Down On The Corner,Willy And The Poor Boys (40th Anniversary Edition),Creedence Clearwater Revival,Happy
Dragula,Hellbilly Deluxe,Rob Zombie,Surprise
Dreams Tonite,Antisocialites,Alvvays,Sad
Drifting,Drifting,Eroded Sky,Calm
Driver's Seat,Fickle Heart (Plus Two Bonus Cuts),Sniff 'n' The Tears,Happy
Duality,Vol. 3: The Subliminal Verses,Slipknot,Surprise
Duck And Run,The Better Life,3 Doors Down,Surprise
Dust On The Ground,Flaws,Bombay Bicycle Club,Sad
EDM Sux,EDM Sux,FTampa,Surprise
Eagle,Eagle,Ansatz Der Maschine,Calm
Easily,A Song For Every Moon,Bruno Major,Sad
Easy Lover,Chinese Wall,Philip Bailey,Happy
Eden - Hunted Version,Hunted,Anna Calvi,Sad
Edge of Seventeen,Crystal Visions...The Very Best of Stevie Nicks,Stevie Nicks,Happy
Eidolon,Eidolon,Monocle Twins,Calm
Electronic Memories (feat. Mickey Kojak),Find Paradise,k?d,Surprise
Emotions in Motion,Emotions in Motion,Jaakko Eino Kalevi,Sad
Empty Street at Night,Empty Street at Night,Golden Sleep,Calm
Enemy,Seasons - Clean,Sevendust,Surprise
Escaping Time,Floating,Benjamin Martins,Calm
Essential Attitudes,Honey,Peals,Calm
Event Horizon,Event Horizon,Airwaves,Calm
Every Kinda People,Double Fun,Robert Palmer,Happy
Every Way,Every Way,Antonio Giacca,Surprise
Everybody Hurts,Part Lies Part Heart Part Truth Part Garbage 1982-2011,R.E.M.,Sad
Everyday People,R&B: From Doo-Wop To Hip-Hop,Various Artists,Happy
Expedition,Expedition,Skytech,Happy
Faces,Scary Kids Scaring Kids,Scary Kids Scaring Kids,Surprise
Falling,Fine Line,Harry Styles,Sad
Falling Ashes,Slowdive,Slowdive,Sad
Falling Asleep,Falling Asleep,Tiz McNamara,Sad
Falling Away from Me,Issues,Korn,Surprise
Fantasy - R3HAB Remix,Fantasy (R3HAB Remix),Sofie Tukker,Surprise
Fascination,This Is Alphabeat,Alphabeat,Happy
Feeling This,blink-182,blink-182,Surprise
Feels Like Flying,Feels Like Flying,Elementaries,Calm
Feels Like We're Dying,Far Away,Johnny Goth,Sad
Fields After Rain,Fields After Rain,Martèn LeGrand,Calm
Fields Of Blossom,Fields Of Blossom,Martèn LeGrand,Calm
Fire in Cairo,A Sentimental Education,Luna,Sad
Fix You,Fix You,Valentin,Sad
Fleur février,Fleur février,Jacco Wynia,Calm
Flex,Flex,Fedde Le Grand,Surprise
Floating Sunbeams,Floating Sunbeams,Michael Orvind,Calm
Flowing,Flowing,Lucas Delphy,Calm
Fly - King Britt's Fhloston Paradigm Remix,Fly (King Britt's Fhloston Paradigm Remix),Low,Sad
Flying by Candlelight (ABGT300) - Above & Beyond Club Mix,Group Therapy 300 Live from Hong Kong (ABGT300),Above & Beyond,Surprise
Focus,Focus,Light of Sun,Calm
Follow me,Follow me,Andre Ehmann,Calm
Found,Found,Martin Gauffin,Calm
Free,TOGETHER,Third Party,Happy
Freya,Cantec De Leagane / Freya,Dave Pad,Happy
Friday I'm In Love,Wish,The Cure,Happy
From Yesterday,A Beautiful Lie + 30 Seconds To Mars,Thirty Seconds To Mars,Surprise
Frozen,Frozen,Ron Adelaar,Calm
Fête sous les étoiles,Suite,Biba Dupont,Calm
Game Time (feat. Ninja),Game Time (feat. Ninja),3LAU,Happy
Gasoline,Disclaimer II,Seether,Surprise
Geno - 2000 Remaster,Searching For The Young Soul Rebels,Dexys Midnight Runners,Happy
Get Lucky (feat. Pharrell Williams & Nile Rodgers) - Radio Edit,Get Lucky (feat. Pharrell Williams & Nile Rodgers) [Radio Edit],Daft Punk,Happy
Get Up Offa That Thing,20 All-Time Greatest Hits!,James Brown,Happy
Getting Away With Murder,Getting Away With Murder (Explicit Version),Papa Roach,Surprise
Ghostride,Ghostride,Crumb,Sad
Glaciers,Bloom,Lights & Motion,Calm
Go With The Flow,Songs For The Deaf,Queens of the Stone Age,Surprise
Gone My Way - KhoMha Remix,Gone My Way (KhoMha Remix),Morgan Page,Surprise
Good Times,Risqué,CHIC,Happy
Good Vibrations - Remastered,Good Vibrations 40th Anniversary,The Beach Boys,Happy
Goodbye,The Devil's Walk,Apparat,Sad
Goshen,East Harlem,Beirut,Sad
"Gottes Zeit ist die allerbeste Zeit, BWV 106: 2a. Gottes Zeit, ist die allerbeste Zeit (Arr. For Piano Four Hands by György Kurtág)",Bach,Johann Sebastian Bach,Calm
Goya,Goya,Minxz,Calm
Gracewood (Revisited),In Between (A-Side),Steven Vrancken,Calm
Green Street,Green Street,Alexander Motovilov,Calm
Groove Is in the Heart,Rhino Hi-Five: Deee-Lite,Deee-Lite,Happy
Groovin,Groovin,Sir Roy,Surprise
Guernica,Deja Entendu,Brand New,Surprise
Halfway There (feat. Lena Leon),Halfway There (feat. Lena Leon),Tiësto,Surprise
Handful Of Redemption,Tomorrow Come Today,Boysetsfire,Surprise
Happy Ending,Body And Soul,Joe Jackson,Happy
Happy Together,Happy Together,The Turtles,Happy
Harvest Love,Harvest Love,Tash Sultana,Sad
Hash Pipe,Weezer (Green Album),Weezer,Surprise
Heaven - David Guetta & MORTEN Remix,Heaven (David Guetta & MORTEN Remix),Avicii,Happy
Heavenly,Heavenly,Cigarettes After Sex,Sad
Heavy,Home,Collective Soul,Surprise
Here Comes The Sun - Remastered 2009,Abbey Road (Remastered),The Beatles,Happy
Highway to Hell,Highway to Hell,AC/DC,Happy
Holding On,Scary Kids Scaring Kids,Scary Kids Scaring Kids,Surprise
Hollowman,Trapt,Trapt,Surprise
Holy Water,Holy Water,Galantis,Surprise
Home,Home,Lucas & Steve,Surprise
"Honey, This Mirror Isn't Big Enough for the Two of Us","I Brought You My Bullets, You Brought Me Your Love",My Chemical Romance,Surprise
Hoovela,Hoovela,Steve Aoki,Happy
How Bizarre,How Bizarre,OMC,Happy
How To Fight,How To Fight,Eartheater,Sad
Human Connection,Human Connection,Cult Solo,Happy
Humans (Let Me Love You),Humans (Let Me Love You),Sick Individuals,Happy
Hunter,Hunter,Anna Calvi,Sad
Hypnagogia Well,Hypnagogia Well,Monocle Twins,Calm
I Can't Help (with Sarcastic Sounds),I Can't Help (with Sarcastic Sounds),Shoffy,Sad
I Don't Know (feat. Samuel T. Herring),I Don't Know (feat. Samuel T. Herring),BADBADNOTGOOD,Sad
I Don't Trust That Bird of Prey,Requiescence,Random Forest,Calm
I Stand Alone,"Good Times, Bad Times - Ten Years of Godsmack",Godsmack,Surprise
I Took A Pill In Ibiza,"At Night, Alone.",Mike Posner,Sad
I Was Made For Lovin' You,Dynasty (Remastered Version),KISS,Happy
I Would Die 4 U,Purple Rain,Prince,Happy
I dine øjne,I dine øjne,Efterklang,Sad
I'm Not Okay (I Promise),Three Cheers for Sweet Revenge,My Chemical Romance,Surprise
I'm Your Man,And Nothing Hurt,Spiritualized,Sad
I've Been Fine,LoveLaws,TT,Sad
ID8,ID8,Dimitri Vangelis & Wyman,Happy
If You Believe,Unification,Yonder Dale,Calm
If You Think It's Love,Cheap Queen,King Princess,Sad
Images,Images,DeLange,Calm
In This Moment,In This Moment,Lucas Delphy,Calm
Indigo,Indigo,LEFT.,Sad
Infinite Sustain,Infinite Sustain,Amaranth Cove,Calm
Ingénue,Ingénue,Eline Moss,Calm
Inside Of You,Every Man For Himself (Red Package),Hoobastank,Surprise
Inside the Fire,Disturbed,Disturbed,Surprise
Inside*,Inside*,Ton Snijders,Calm
Intermezzo No. 1 in E Minor,Intermezzo No. 1 in E Minor,Manuel Ponce,Calm
Into Black,Blouse,Blouse,Sad
Isonoe,GLIESE,Job Roggeveen,Calm
It Takes Me Back,Hopeless Romantics,Emmrose,Sad
It's Goin' Down (feat. Mike Shinoda & Mr. Hahn),Built From Scratch,X-Ecutioners,Surprise
It's My Fault,It's My Fault,Lolo Zouaï,Sad
Jealous,Jealous,Labrinth,Sad
"John Wayne Gacy, Jr.",Illinois,Sufjan Stevens,Sad
Juliens Journey,Juliens Journey,Reinhard Vanbergen,Calm
Jupiter 4,Jupiter 4,Sharon Van Etten,Sad
Just Can't Get Enough - Live in Hammersmith,Love In Itself.2 and Live Tracks,Depeche Mode,Happy
Just Look at You,432 Water Crystals,369,Calm
Just the Two of Us (feat. Bill Withers),Anthology,"Grover Washington, Jr.",Happy
K.,K.,Rosie Carney,Sad
Kangaroo (Remastered),It'll End In Tears (Remastered),This Mortal Coil,Sad
Kaolnite,Kaolnite,Burgundy Skies,Calm
Keep Going,Keep Going,Mark Milan,Calm
Kids In The Dark,Kids In The Dark,Bat For Lashes,Sad
Killing In The Name,Rage Against The Machine - XX (20th Anniversary Special Edition),Rage Against The Machine,Surprise
Kinky Living,Clockdust,Rustin Man,Sad
Kinky Love,Flesh Balloon,Pale Saints,Sad
Kiss,Parade - Music from the Motion Picture Under the Cherry Moon,Prince,Happy
Kiss On My List - Remastered,Hall & Oates,Daryl Hall & John Oates,Happy
Kiss You All Over - Single Edit,Kiss You All Over,Isaac Elton,Surprise
Kite,Kite,YuMe,Calm
Klangfall - Piano Version,Klangfall (Piano Version),Joep Beving,Calm
La Luz,Chapter I,City of the Sun,Calm
Last Time,Last Time,Johnning,Sad
Late in the Evening,One-Trick Pony,Paul Simon,Happy
Laugavegur,Laugavegur,Dreyma,Calm
Lay Your Head On Me (feat. Marcus Mumford),Lay Your Head On Me (feat. Marcus Mumford),Major Lazer,Happy
Let It Go,Chaos And The Calm,James Bay,Sad
Let It Out,Xy Chelsea (Original Soundtrack),Jehnny Beth,Sad
Let's Go Crazy,Purple Rain,Prince,Happy
Lift Me Up (feat. Carla Monroe),Lift Me Up (feat. Carla Monroe),Oliver Heldens,Surprise
Light Year,Light Year,Evan Michael Brown,Calm
Light Years,Light Years,The National,Sad
Lights Go Down,Lights Go Down,Mike Candys,Surprise
Like The First Time - House Mix,Like The First Time,Isaac Elton,Surprise
Like The Way I Do,Greatest Hits - The Road Less Traveled,Melissa Etheridge,Happy
Like We Do,Like We Do,Fedde Le Grand,Surprise
Limitless,Limitless,Lucas Delphy,Calm
Linger,Linger,No Vacation,Sad
Listen to the Music,Toulouse Street,The Doobie Brothers,Happy
Listening,In Love and Death,The Used,Surprise
Litost,Litost,Minxz,Calm
Little Lion Man,Sigh No More (Benelux Edition),Mumford & Sons,Happy
Little Talks,My Head Is An Animal,Of Monsters and Men,Happy
Little Things,Sixteen Stone,Bush,Surprise
Living,Reflection of Youth,EERA,Sad
"Lola - Live at Providence Civic Center, Providence, RI - September 1979",One for the Road (Live),The Kinks,Happy
London Thunder,London Thunder,Foals,Sad
Lonely Boy,What's Wrong with This Picture?,Andrew Gold,Happy
Long Way Down,Long Way Down (Deluxe),Tom Odell,Sad
Lorelei,Treasure,Cocteau Twins,Sad
Los Feliz,Los Feliz,Search For Atlantis,Calm
Losing You,Human,Aquilo,Sad
Lost,Lost,Annelie,Calm
Lost Moon,I Can Feel the Night Around Me,Nightlands,Sad
Love Is A Losing Game,Back To Black,Amy Winehouse,Sad
Lovely Day,Lean on Me: The Best of Bill Withers,Bill Withers,Happy
Lunar Eclipse,Lunar Eclipse,Marc Torch,Calm
"Ma mère l'oye, M.60 - For Piano Duet, M.60: 1. Pavane de la Belle au bois dormant",Jeux,Arthur Jussen,Calm
Machinehead,Bush Digital Collection,Bush,Surprise
Mad About You,The Magnificent Tree,Hooverphonic,Happy
Make Believe,Make Believe,Quintino,Surprise
Malibu,Malibu,Matthew Harvey,Calm
Marbles,The First Tindersticks Album,Tindersticks,Sad
Me and Julio Down by the Schoolyard,Paul Simon,Paul Simon,Happy
Melancholé,Melancholé,Biba Dupont,Calm
Mercy - Live,Retrospective,Hilary Hahn,Calm
Message In A Bottle - Remastered 2003,Reggatta De Blanc (Remastered),The Police,Happy
Midnight Sun,Midnight Sun,Nicky Romero,Surprise
Mil Sonidos,Mil Sonidos,Reina del Mar,Calm
Mind-wanders,Journey to the unknown,Patrick Hamilton,Calm
Mindfulness,Mindfulness,Amoll,Calm
Minus,Minus,Daniel Blumberg,Sad
Miss You - Remastered,Some Girls (Deluxe Version),The Rolling Stones,Happy
Misty Mornings,Misty Mornings,Wilson Trouvé,Calm
Momentum,Momentum,Monocle Twins,Calm
Montana,Montana,Le Verne,Calm
Monumental,Monumental,Antuigo,Calm
Morning Shimmer,Morning Shimmer,Vochey,Calm
Moulain (Revisited 432hz),Moulain (Revisited 432hz),Steven Vrancken,Calm
Movies,Movies,Weyes Blood,Sad
Mr. Blue Sky,Out of the Blue,Electric Light Orchestra,Happy
Mr. Jones,August And Everything After,Counting Crows,Happy
Mudshovel,Dysfunction,Staind,Surprise
"Murder Song (5, 4, 3, 2, 1) - Acoustic",All My Demons Greeting Me As A Friend (Deluxe),AURORA,Sad
My Favourite Game,Best Of,The Cardigans,Surprise
My Hero,Greatest Hits,Foo Fighters,Surprise
My Own Worst Enemy,A Place In The Sun,Lit,Surprise
My Sharona,Get The Knack,The Knack,Happy
My Way - Marcus Santoro Remix,My Way (ft. Alice Berg) [Marcus Santoro Remix],Nicky Romero,Surprise
Mykki,LoveLaws,TT,Sad
Nazareth,Nazareth,Matteo Myderwyk,Calm
Need You - Ed. & Gustav Munk Remix,Need You (Remixes),Faustix,Happy
Never Be Lonely (feat. Envy Monroe),Never Be Lonely (feat. Envy Monroe),Blasterjaxx,Surprise
Never Letting Go,Never Letting Go,Audien,Happy
Never My Love,Voices In The Sky,Isobel Campbell,Sad
Night,Night,Wilson Trouvé,Calm
Night Moves,Night Moves,Bob Seger,Happy
Night Surrender,Night Surrender,DeLange,Calm
Night on Earth,Night on Earth,Jerkcurb,Sad
No More 54,No More 54,Dada Life,Surprise
No One Knows,Songs For The Deaf,Queens of the Stone Age,Surprise
No Time To Die,No Time To Die,Billie Eilish,Sad
No Woman,Light Upon the Lake,Whitney,Sad
Nobody,Nobody,Mac DeMarco,Sad
North,Solo (1*),Ton Snijders,Calm
North Captiva,North Captiva,Lundegard,Calm
Not Alone,Not Alone,Otto Knows,Happy
Nowhere Kids,Shapeshifter,Smile Empty Soul,Surprise
Oceans,Oceans - EP,Seafret,Sad
October Rain,Recollections Vol. 4,Various Artists,Calm
Old Rain on a New Day,Celestial Siren,Cora Zea,Calm
Older Than I Am,Three. Two. One.,Lennon Stella,Sad
On Another Ocean (January / June),On Another Ocean (January / June) [Edit],Fleet Foxes,Sad
On My Way (feat. Jordan Kaahn),On My Way (feat. Jordan Kaahn),Robbie Rivera,Happy
One More Night,One More Night,Labi Ramaj,Surprise
One Night - D.O.D Remix,One Night (D.O.D Remix),Cedric Gervais,Surprise
One Step Closer,Hybrid Theory,Linkin Park,Surprise
Only,Only,RY X,Sad
Only You,We Were Here,Joshua Radin,Sad
Open Fields,Open Fields,Faelt,Calm
Open Skies,Open Skies,Lost Horse Mine,Calm
Orbits,Orbits,Halfway Escape,Calm
Our Lady of Sorrows,"I Brought You My Bullets, You Brought Me Your Love",My Chemical Romance,Surprise
Out Of Control,The Reason,Hoobastank,Surprise
Out Of Control - Pat Vocal Mix,Out Of Control EP,Lupe Fuentes,Surprise
Out of Control,Blind Spot,Lush,Sad
Out of the Deep,Out Of The Deep,Olivia Belli,Calm
Outside,Outside,MorMor,Sad
Over My Head (Better Off Dead),Does This Look Infected?,Sum 41,Surprise
Pain,A Deeper Understanding,The War On Drugs,Sad
Panoramic Feelings (Piano Version),Panoramic Feelings (Piano Version),LudoWic,Calm
Papercut,Hybrid Theory (Bonus Edition),Linkin Park,Surprise
Paperthin Hymn,Never Take Friendship Personal,Anberlin,Surprise
Parabel,Parabel,Matteo Myderwyk,Calm
Paradise,Mylo Xyloto,Coldplay,Happy
Paralyzer,Them vs. You vs. Me,Finger Eleven,Surprise
Pass The Hours,Pass The Hours,MorMor,Sad
Path to Serenity,Path to Serenity,Arya Shae,Calm
People Are Strange - Festival Mix,People Are Strange (Incl. Festival Mix),KAAZE,Surprise
People Help the People,Birdy (Deluxe Version),Birdy,Sad
Petrichor,Petrichor,Cecelya,Calm
"Piano Sonata No. 14 In C Sharp Minor, Op. 27-2 1st Mvt: Adagio Sostenuto",Beethoven Piano Sonatas,Ludwig van Beethoven,Calm
Pierre,Virgule,Hicham Chahidi,Calm
Pink Rupture,Pink Rupture,Kornum & Karma,Happy
Placidity,Placidity,Estado De Calma,Calm
Planet,PLANET,Sofiane Pamart,Calm
Play The Ghost,Play The Ghost,Sarah Davachi,Sad
Poem,Welcome,Taproot,Surprise
Points of Authority,Hybrid Theory,Linkin Park,Surprise
Polyamorous,Breaking Benjamin: Digital Box Set,Breaking Benjamin,Surprise
Pour Les Oiseaux,Des Plumes Dans La Tête,Sylvain Chauveau,Calm
Prayer Of The Refugee,Endgame / Appeal To Reason / Siren Song Of The Counter Culture / The Sufferer & The Witness,Rise Against,Surprise
Prelude,Prelude,Marynka,Calm
Prelude 6 - Pt. 1,Voices,Max Richter,Calm
Prelude in F,Prelude in F,Alexander Motovilov,Calm
Presence,Presence,Van Stiles,Calm
Pressure,Pressure,Seth Hills,Surprise
Promise,Horrorscope,Eve 6,Surprise
Pumped Up Kicks,Torches,Foster The People,Happy
Quick Canal (W/ Laetita Sadier),Logos,Atlas Sound,Sad
Quiet Room,Music For Mindfulness,Various Artists,Calm
"Quiet, The Winter Harbor",Still EP,Mazzy Star,Sad
Raven's Feather - Piano Solo,Raven's Feather (Piano Solo),Nina June,Calm
Rayons de soleil,Rayons de soleil,Marlies du Mosch,Calm
Reality,Reality EP,Chocolate Puma,Happy
Rebuscano,Rebuscano,Olivia Belli,Calm
Recording 15,Living Water,Shannon Lay,Sad
Reinventing Your Exit,They're Only Chasing Safety,Underoath,Surprise
Remains,Remains,Dries Beheydt,Calm
Renee's Song,Renee's Song,Bazzi,Sad
Renegades Of Funk,Renegades,Rage Against The Machine,Surprise
Rescue Me,Rescue Me,DubVision,Surprise
Retrospectacular,Retrospectacular,Domaine Blanc,Calm
Revitalize,Unification,Yonder Dale,Calm
Ring The Alarm - Stadiumx Remix,Ring The Alarm (Remixes),Nicky Romero,Surprise
Rise (ft. Matluck) - Thomas Gold Remix,Rise (ft. Matluck) [Thomas Gold Remix],Nicky Romero,Surprise
River,Bones,St Woods,Sad
Riverside,Philharmonics,Agnes Obel,Sad
"Rocket Man (I Think It's Going To Be A Long, Long Time)",Honky Chateau,Elton John,Happy
Romance,Ex:Re,Ex:Re,Sad
Roses,Speakerboxxx/The Love Below,OutKast,Happy
Rusted From the Rain,Billy Talent III,Billy Talent,Surprise
Rylan,I Am Easy to Find,The National,Sad
Sad Corny Fuck,Hold It Together,JP Saxe,Sad
Sadness,Red Moon,Marynka,Calm
Sahara Love - Seven Lions Remix,Sahara Love,Above & Beyond,Surprise
Same Direction,The Reason,Hoobastank,Surprise
Samson,Begin to Hope (Special Edition),Regina Spektor,Sad
Saving Daylight,Saving Daylight,Harvest Silence,Calm
Savior,Appeal To Reason,Rise Against,Surprise
Say Days Ago,The Used,The Used,Surprise
Schloss,Schloss,Elmau Dunkel,Calm
Secrets,Secrets,Erik Frank,Surprise
Send It,Send It,Steve Aoki,Happy
Send Me on My Way,Music From Party of Five,Various Artists,Happy
Seven Nation Army,Elephant,The White Stripes,Happy
She Kind of Looks Like You,She Kind of Looks Like You,AFTRHOURS,Sad
She Remembers (Piano Solo),She Remembers (Piano Solo),Pieter Savenberg,Calm
Shifts Of Light,Still Waters,Avery Young,Calm
Shimmer,The Best of Fuel,Fuel,Surprise
Shine,Shine,Manse,Happy
Should Have Known Better,Carrie & Lowell,Sufjan Stevens,Sad
Should I Stay or Should I Go - Remastered,Hits Back,The Clash,Happy
Silhouette,Have You In My Wilderness,Julia Holter,Sad
Silver Lining,Silver Lining,Pieter de Graaf,Calm
Simple Song,The Boy Who Cried Wolf,Passenger,Sad
Sinking Man - The Walking Dead Soundtrack,The Walking Dead (AMC?s Original Soundtrack ? Vol. 1),Various Artists,Sad
Sintra,Reflections,Made Of Gold,Calm
Siren Song - Radio Edit,Siren Song,CamelPhat,Happy
Skinny Love,"For Emma, Forever Ago",Bon Iver,Sad
Sleep,Son of a Lady,Hope Sandoval and the Warm Inventions,Sad
Slow It Down,The Lumineers,The Lumineers,Sad
Smile,"Alright, Still (Deluxe)",Lily Allen,Happy
Smooth Criminal,Anthology,Alien Ant Farm,Surprise
Snowfall,Piano Piano,Florejan,Calm
Solitude,Solitude,Joep Beving,Calm
Some Kind Of Love,Wonderful Wonderful,The Killers,Sad
Somebody - Josef Bamba Remix Radio Edit,Somebody (Josef Bamba Remixes),Oliver Ingrosso,Happy
Somebody That I Used To Know,Making Mirrors,Gotye,Happy
Someday,Chapter I,City of the Sun,Calm
Someone Like You,21,Adele,Sad
Someone New,Someone New,Thomas Gold,Happy
Somewhere Only We Know,Somewhere Only We Know,Valentin,Sad
Son of a Lady,Son of a Lady,Hope Sandoval and the Warm Inventions,Sad
"Song to the Siren - Recorded at Strongroom Studios, London",Spotify Singles,Wolf Alice,Sad
South Beach,South Beach,Vicetone,Surprise
Spirit In The Sky,Spirit In The Sky,Norman Greenbaum,Happy
Start Me Up - Remastered,Tattoo You (2009 Re-Mastered),The Rolling Stones,Happy
Stay,Stay,Gracie Abrams,Sad
Stay Here,Stay Here,Olaars & Will Philips,Surprise
Stay Home,Stay Home,Golden Sleep,Calm
Stay Still,Stay Still,Alberto L. Ferro,Calm
"Steady, As She Goes",Broken Boy Soldiers,The Raconteurs,Happy
Still Alive,Still Alive,Mastrovita,Surprise
Still Waiting to Start,"The Sun Will Come up, The Seasons Will Change & The Flowers Will Fall",Nina Nesbitt,Sad
Stormy Weather,Stormy Weather,Lost Horse Mine,Calm
Story Of A Violin,Story Of A Violin,Sandro Silva,Happy
Strange Dreams,Solo Piano,Ella van der Woude,Calm
Streets,Rivals,Kensington,Happy
Stricken,Ten Thousand Fists,Disturbed,Surprise
Stuck In The Middle With You,Reservoir Dogs (Original Motion Picture Soundtrack),Various Artists,Happy
Stupify,The Sickness (10th Anniversary Edition),Disturbed,Surprise
Such Great Heights,Around The Well,Iron & Wine,Sad
Suds & Soda,Worst Case Scenario,dEUS,Happy
Suhpratti,Hum,Parazal,Calm
Summer Boredom,Solo Piano,Ella van der Woude,Calm
Summer-Blink,Treasure Hiding: The Fontana Years,Cocteau Twins,Sad
Sun In Our Eyes - Don Diablo Remix,Sun In Our Eyes (Don Diablo Remix),MØ,Happy
Sunspots,Comforter,Bodywash,Sad
Supermarket,Manuela,Manuela,Sad
Supersonic (feat. Christian Burns),Supersonic (feat. Christian Burns),Swanky Tunes,Surprise
Superstition,Number 1's,Stevie Wonder,Happy
Surrender,Surrender,Natalie Taylor,Sad
Swerve City,Koi No Yokan,Deftones,Surprise
Take Everything,Take Everything,Gareth Emery,Happy
Take on Me,Hunting High and Low,a-ha,Happy
Takeoff,Takeoff,Silo Silo,Calm
Talking In Your Sleep,In Heat,The Romantics,Happy
Target,Target,Tom Kalani,Calm
Teardrop - Remastered 2006,Bite Size Massive Attack,Massive Attack,Sad
Teardrops - Single Version,Music For Groovin',Various Artists,Happy
Tears Don't Fall,The Poison,Bullet For My Valentine,Surprise
Teenage Dirtbag,Wheatus,Wheatus,Happy
Tegel,Tegel,Lambert,Calm
Telling Tales,Telling Tales,Song Sung,Sad
Thank You for the Venom,Three Cheers for Sweet Revenge,My Chemical Romance,Surprise
The A Team,The A Team,Ed Sheeran,Sad
The Boys Are Back In Town,Jailbreak (Deluxe Edition),Thin Lizzy,Happy
The Calvary Cross,Live in Studio,Still Corners,Sad
The Choice,The Last of Us,Gustavo Santaolalla,Calm
The Dazzler,Ex:Re,Ex:Re,Sad
The Disappearance of the Unmoved Mover,The Disappearance of the Unmoved Mover,So Vea,Calm
The Discovery,The Discovery,Sulfur Springs,Calm
The Dreamer,The Dreamer,Charles Bolt,Calm
The Five Times I Loved You,Pyramid Train,Cora Zea,Calm
The Funeral,The Road Mix: Music From The Television Series One Tree Hill Vol. 3,Various Artists,Sad
The Good in Goodbye (Alternate Version),The Good in Goodbye (Alternate Version),Alexander Wren,Sad
The Hardest Button To Button,Elephant,The White Stripes,Surprise
The Hell Song,All The Good Sh**. 14 Solid Gold Hits (2000-2008),Sum 41,Surprise
The Hummingbird,The Hummingbird,Barry Adamson,Sad
The Hunger,The Hunger,Bat For Lashes,Sad
The Joker,The Joker,Steve Miller Band,Happy
The King (with Dzeko),The King (with Dzeko),Dimitri Vangelis & Wyman,Surprise
The Message,Slow Air,Still Corners,Sad
The Mind's Eye,This Ascension is Ours,Song Sung,Sad
The Night We Met,Strange Trails,Lord Huron,Sad
The Night We Met - Rework,The Night We Met,Nico Casal,Calm
The Safety Dance,Greatest,Men Without Hats,Happy
The Snail?s Teachings II: The Wonders of,In Between (B-Side),Steven Vrancken,Calm
The Temporary,The Temporary,Kate Teague,Sad
The Times Are Tired,Views from Sixteen Stories,Alaskan Tapes,Calm
The Wall,The Wall,Alok,Surprise
There For You,There For You,Gorgon City,Surprise
Thin White Duchess,Thin White Duchess,Martin Thulin,Sad
Thirteen Thirty-Five,This Silence Kills,Dillon,Sad
This Reminds You - Satie Remix,This Reminds You,Remy Van Kesteren,Calm
Throw Me a Bone,Throw Me a Bone,Goat Girl,Sad
Tilted Towers,Tilted Towers,Alesso,Happy
Time Out,Time Out,Amoll,Calm
Time Travel,Rooftops,AMBIE,Calm
Tiptoeing,Tiptoeing,Jacco Wynia,Calm
To Build A Home,Ma Fleur,The Cinematic Orchestra,Sad
To The Hilt,To The Hilt,BANKS,Sad
To the Moon,To the Moon,Junodream,Sad
Tomorrow,Tomorrow,Annelie,Calm
Toxic,Rattlesnake!,A Static Lullaby,Surprise
Transatlanticism,Transatlanticism,Death Cab for Cutie,Sad
Trastevere,Universo en Miniatura Vol. 1,Sebastián Escofet,Calm
Trees - Solo Piano,Trees,Patrick Hamilton,Calm
Trying My Best,Trying My Best,Anson Seabra,Sad
Tu Vois,Tu Vois,Bram de Looze,Calm
Tubthumping,Tubthumper,Chumbawamba,Happy
Tuesday,Tuesday,Annelie,Calm
Twist And Shout - Remastered 2009,Please Please Me (Remastered),The Beatles,Happy
Two Princes,Pocket Full Of Kryptonite,Spin Doctors,Happy
UFOF,UFOF,Big Thief,Sad
Under A Killing Moon,The Artist In The Ambulance,Thrice,Surprise
Understudy,Understudy,Josie Mehlin,Calm
Underwater - Tinlicker Remix,Underwater (Tinlicker Remix),Gabriel & Dresden,Happy
Unintended,Showbiz,Muse,Sad
United,United,Armin van Buuren,Happy
Universe,Universe,Noah Vanden Abeele,Calm
Unmade,Unmade,Thom Yorke,Sad
Up Against (Blackout),Louder Now (Deluxe),Taking Back Sunday,Surprise
Uprising,The Resistance,Muse,Surprise
Used to Be,Used to Be,Jurrivh,Calm
Vagabond,Vagabond,Steve Gunn,Sad
Vague,Envision,Amaranth Cove,Calm
Valse Lente,Valse Lente,Wilson Trouvé,Calm
Vamos,Vamos,Dimitri Vangelis & Wyman,Surprise
Venom,Venom,Dave202,Happy
Video Games - Remastered,Born To Die - The Paradise Edition,Lana Del Rey,Sad
Video Killed The Radio Star,The Age Of Plastic,The Buggles,Happy
Virtual Insanity - Remastered,High Times - The Singles 1992 - 2006,Jamiroquai,Happy
Viva La Vida,Viva La Vida (Prospekt's March Edition),Coldplay,Happy
Voices,The Sickness (10th Anniversary Edition),Disturbed,Surprise
Wait For Me,Wanderlust,Steve Brian,Happy
Waiting,Skisser,Alice Boman,Sad
Waiting For Tomorrow (feat. Mike Shinoda),BYLAW EP,Martin Garrix,Surprise
Waiting On the World to Change,Continuum,John Mayer,Happy
Waiting like the Storm,Nocturne in Green,Rand Aldo,Calm
War,Rivals,Kensington,Happy
Wash It All Away,Got Your Six (Deluxe),Five Finger Death Punch,Surprise
Watching Clouds Disappear,Watching Clouds Disappear,Florejan,Calm
Water Colors,Water Colors,Star Slide,Calm
Water Lillies,Water Lillies,A Teardrop In The Lake,Calm
Watersong,Wings Of Joy (Expanded Edition),Cranes,Sad
Wave of Mutilation,Wave of Mutilation,Beacon,Sad
We Are Your Friends - Justice Vs Simian,We Are Your Friends,Simian,Happy
We Wait,For Their Love,Other Lives,Sad
Welcome Home,Good Apollo I'm Burning Star IV Volume One: From Fear Through The Eyes Of Madness,Coheed and Cambria,Surprise
"Welcome Home, Son",Ghost,Radical Face,Sad
What I Like About You,What I Like About You (And Other Romantic Hits),The Romantics,Happy
What Should Have Been,What Should Have Been,Ron Verboom,Calm
What You Love You Must Love Now,Everywhere And Right Here,The Six Parts Seven,Calm
What's Good,What's Good,Fenne Lily,Sad
When The World Stood Still,When The World Stood Still,Florejan Verschueren,Calm
When They Come,When They Come,Threading Hair,Calm
When You Left,When You Left,Rouge Haven,Calm
Where Your Mind Wants to Go - RONE Remix,Where Your Mind Wants to Go (RONE Remix),Blonde Redhead,Sad
While the Rest of the World Sleeps,While the Rest of the World Sleeps,Josh Kramer,Calm
Whiskey In The Jar,"Garage, Inc.",Metallica,Surprise
White Lies,We Sound Electric,Stacy Crowne,Surprise
White Lies - Guy Arthur Remix,White Lies (The Remixes),The Him,Surprise
White Sparks,White Sparks,Wilson Trouvé,Calm
Whitehaven,Whitehaven,Martèn LeGrand,Calm
Why Can't We Be Friends?,Why Can't We Be Friends?,War,Happy
Wild Trails,Wild Trails,Epi-Soothe,Calm
Wild Wild Son - Club Mix,Wild Wild Son (Club Mix),Armin van Buuren,Surprise
Willet,Swan,Dust Follows,Calm
Winter Scenery,Winter Scenery,Wilson Trouvé,Calm
Wish I Was Better,Wish I Was Better,Kina,Sad
Wish You Were Here - 2011 Remastered Version,Wish You Were Here [2011 - Remaster] (2011 Remastered Version),Pink Floyd,Sad
Wished,Wished,Sorry,Sad
Without,Inertia,The Exies,Surprise
Wolkendans,Soms Alleen,Doeke,Calm
Wonderful Together (feat. Envy Monroe),Wonderful Together (feat. Envy Monroe),Blasterjaxx,Happy
Wonderwall,(What's the Story) Morning Glory?,Oasis,Happy
Woodland Heart,Woodland Heart,Ghost Of Summer,Calm
Words I Heard,Words I Heard,Julia Holter,Sad
Worlds Collide - Edison Cole Remix,Worlds Collide (Remixes),NERVO,Happy
Would You Rather,Stranger in the Alps,Phoebe Bridgers,Sad
Wrong Way,Sublime Greatest Hits,Sublime,Surprise
Yam Yam,Yam Yam,No Vacation,Sad
You Are Safe With Me,delta/alpha,Jef Martens,Calm
You Can't Rely on My Love,You Can't Rely on My Love,Mordkey,Happy
You Get What You Give,Maybe You've Been Brainwashed Too,New Radicals,Happy
You Were Bored,You Were Bored,Loyal Lobos,Sad
"You're Gonna Go Far, Kid",21 Alt Rock Anthems,Various Artists,Surprise
You're My Best Friend - Remastered 2011,Queen 40 Limited Edition Collector's Box Set,Queen,Happy
Your Turn Now,Your Turn Now,Aaron Smith,Sad
Youth,The Wild Youth EP,Daughter,Sad
alpha waves,alpha waves,Eucalyptic,Calm
blue,blue,Kamal.,Sad
coeur noir,coeur noir,Leo Nocta,Calm
comethru,"summer,",Jeremy Zucker,Sad
cry on airplanes,cry on airplanes,Julian,Sad
i don't want to watch the world end with someone else,i don't want to watch the world end with someone else,Clinton Kane,Sad
lovely (with Khalid),lovely (with Khalid),Billie Eilish,Sad
mellow,sleep escape,cloudcrush,Calm
no song without you,no song without you,HONNE,Sad
pass you by,the voicenotes,Alaina Castillo,Sad
the frost,sentience,praam,Calm
the theme song,notion,Teodor Wolgers,Calm
when the party's over,"WHEN WE ALL FALL ASLEEP, WHERE DO WE GO?",Billie Eilish,Sad
windcatcher,windcatcher,Leo Nocta,Calm
yellow is the color of her eyes,yellow is the color of her eyes,Soccer Mommy,Sad
you broke me first,you broke me first,Tate McRae,Sad
you were good to me,brent,Jeremy Zucker,Sad
æfre,æfre,praam,Calm
Sick Thoughts,Sick Thoughts,Lewis Blissett,Angry
Mo Bamba,MUDBOY,Sheck Wes,Angry
MONTERO (Call Me By Your Name),MONTERO (Call Me By Your Name),Lil Nas X,Angry
Foot Fungus,STOKELEY,Ski Mask The Slump God,Angry
Shhh (Pew Pew) - Slowed + Reverb,Shhh (Pew Pew) [Slowed + Reverb],Young Fanatic,Angry
Rasputin,Rasputin,Majestic,Angry
Astronaut In The Ocean,Astronaut In The Ocean,Masked Wolf,Angry
Whoopty,Whoopty,CJ,Angry
Streets,Hot Pink,Doja Cat,Angry
Goosebumps - Remix,Goosebumps (Remix),Travis Scott,Angry
Paparazzi,Paparazzi,Kim Dracula,Angry
hot girl bummer,hot girl bummer,blackbear,Angry
Runnin Low,Runnin Low,Kieran Alleyne,Angry
___ ______ ______ (My head is spinning like a screw),___ ______ ______ (My head is spinning like a screw),kostromin,Angry
Such a Whore (Stellular Remix),Such a Whore (Stellular Remix),JVLA,Angry
Such a Whore (Instrumental),Such a Whore (Instrumental),JVLA,Angry
Minimum - Umut Dogan Remix,Minimum (Umut Dogan Remix),______,Angry
_______ - The Sumo Remix,_______ (Remix Pack),______,Angry
Superlife,Superlife,Lox Chatterbox,Angry
Invincible,Meet The Woo 2,Pop Smoke,Angry
How She Walk,How She Walk,TheGrimLynn,Angry
Arabian Night,Arabian Night,_wirek,Angry
Monster,Monster,Besomorph,Angry
PHONKY TOWN,PHONKY TOWN,PlayaPhonk,Angry
Goodbye (feat. Lyse) - Slow Version,Goodbye (feat. Lyse) [Slow Version],Feder,Angry
Blood // Water,Blood // Water,grandson,Angry
Fed Up,ANTI-ICON,Ghostemane,Angry
Kill Yourself (Part III),My Liver Will Handle What My Heart Can't,$uicideboy$,Angry
Venom - Music From The Motion Picture,Venom (Music From The Motion Picture),Eminem,Angry
The Electro Suite,The Amazing Spider-Man 2 (The Original Motion Picture Soundtrack) [Deluxe],Various Artists,Angry
Get You The Moon (feat. Sn?w),Get You The Moon (feat. Sn?w),Kina,Disgust
Jocelyn Flores,17,XXXTENTACION,Disgust
Someone You Loved,Divinely Uninspired To A Hellish Extent,Lewis Capaldi,Disgust
how to live,how to live,yaeow,Disgust
It's You,YOU,Ali Gatie,Disgust
Loosing Interest,Passion & Confusion,Timmies,Disgust
Tell Me Goodbye,Tell Me Goodbye,ORYL,Disgust
Dead and Cold,Dead and Cold,ELIJAH MOON,Disgust
Heather,Kid Krow,Conan Gray,Disgust
Reckless,Reckless,Madison Beer,Disgust
paradise,paradise,cliffe,Disgust
Me Too,Me Too,April Jai,Disgust
Six Feet Under,Six Feet Under,Billie Eilish,Disgust
Circles,Hollywood's Bleeding,Post Malone,Disgust
All Alone,All Alone,S?lace,Disgust
Nobody Knows My Name,Nobody Knows My Name,DANIEL,Disgust
Everybody Dies In Their Nightmares,17,XXXTENTACION,Disgust
More to the Story,More to the Story,Kristina Nichol,Disgust
talk with me (about it),talk with me (about it),Brvno,Disgust
Heartbreak Anniversary,TAKE TIME,Giveon,Disgust
i haven't let go,i haven't let go,RNAQ,Disgust
idfc,deadroses,blackbear,Disgust
Till Forever Falls Apart,Till Forever Falls Apart,Ashe,Disgust
I Need You,I Need You,ORYL,Disgust
Someone Like You,21,Adele,Disgust
Train Wreck,Back from the Edge,James Arthur,Disgust
When I'm Gone,When I'm Gone,Wikw,Disgust
Goodbye,Goodbye,Rachel Lorin,Disgust
bad ones,TOO YOUNG TO BE SAD,Tate McRae,Disgust
Helluvaride,Helluvaride,Oceans Ahead,Disgust
Arcade,Small Town Boy (Track By Track),Duncan Laurence,Disgust
Therapy,Therapy,Tasty,Disgust
r u ok,TOO YOUNG TO BE SAD,Tate McRae,Disgust
Goddess Kinda Power - Acoustic Version,Goddess Kinda Power (Acoustic Version),Josefine,Disgust
Horrors in the Dark,Horrors in the Dark,Sofi Gev,Disgust
Like the Weather,Like the Weather,Hand Made House,Disgust
Happier,? (Deluxe),Ed Sheeran,Disgust
Get to Me,Get to Me,Emma Charles,Disgust
Skin,Skin,Sabrina Carpenter,Disgust
Self Destructive,Self Destructive,Julia Rizik,Disgust
On The Low,On The Low,Wovy,Disgust
7 Years,Lukas Graham,Lukas Graham,Disgust
Oxygen,Welcome To Jupiter 1.0,Grace Gaustad,Disgust
slower,slower,Tate McRae,Disgust
What I Need,What I Need,ORYL,Disgust
drivers license,drivers license,Olivia Rodrigo,Disgust
Lonely (with benny blanco),Lonely (with benny blanco),Justin Bieber,Disgust
Half A Man,A Place We Knew,Dean Lewis,Disgust
1-800-273-8255,Everybody,Logic,Disgust
Amen,Amen,John Adams,Disgust
Let It Go,Chaos And The Calm,James Bay,Disgust
lovely (with Khalid),lovely (with Khalid),Billie Eilish,Disgust
changes,?,XXXTENTACION,Disgust
"i hate u, i love u (feat. olivia o'brien)",us,gnash,Disgust
Bruises,Divinely Uninspired To A Hellish Extent,Lewis Capaldi,Disgust
when the party's over,"WHEN WE ALL FALL ASLEEP, WHERE DO WE GO?",Billie Eilish,Disgust
Too Late For Sorries,Too Late For Sorries,Wovy,Disgust
Dancing With A Stranger (With Normani) - Acoustic,Dancing With A Stranger (With Normani) [Acoustic],Sam Smith,Disgust
You Belong To Somebody Else,You Belong To Somebody Else,PJ Harding,Disgust
Lost Without You,Lost Without You,Freya Ridings,Disgust
Sweater Weather,Sweater Weather,ORYL,Disgust
Dead End,Dead End,Jan Metternich,Disgust
Be Alright,A Place We Knew,Dean Lewis,Disgust
Can We Kiss Forever?,Can We Kiss Forever?,Kina,Disgust
Circles,Start as You Mean to Go On,Iann Brennan,Disgust
Say Something,Is There Anybody Out There?,A Great Big World,Disgust
If The World Was Ending,If The World Was Ending,JP Saxe,Disgust
my future,my future,Billie Eilish,Disgust
Nude,In Rainbows,Radiohead,Disgust
At My Worst,The Prelude,Pink Sweat$,Disgust
Fix You,X&Y,Coldplay,Disgust
ANXIOUS,ANXIOUS,Josh A,Disgust
XO,i think you think too much of me,EDEN,Disgust
Coaster,American Teen,Khalid,Disgust
Not About Angels,Not About Angels,Birdy,Disgust
Let Her Go,All The Little Lights,Passenger,Disgust
Save Your Tears,After Hours,The Weeknd,Disgust
Breathe Me,Colour The Small One,Sia,Disgust
Broken,Broken,Lund,Disgust
Hold Me While You Wait,Divinely Uninspired To A Hellish Extent,Lewis Capaldi,Disgust
Let You Down,Perception,NF,Disgust
Coaster,Coaster,Khalid,Disgust
Say You Won't Let Go,Back from the Edge,James Arthur,Disgust
Let Her Go - Acoustic,All The Little Lights,Passenger,Disgust
Moonlight,YOU,Ali Gatie,Disgust
Stay,Unapologetic (Deluxe),Rihanna,Disgust
You're Beautiful,Back to Bedlam,James Blunt,Disgust
Chicago Freestyle (feat. Giveon),Dark Lane Demo Tapes,Drake,Disgust
Breakeven,The Script,The Script,Disgust
Yellow,Parachutes,Coldplay,Disgust
Feel,Escapology,Robbie Williams,Disgust
How to Save a Life,How To Save A Life,The Fray,Disgust
you broke me first,you broke me first,Tate McRae,Disgust
Bigger Than Me,The Show Is Over,Baker Grace,Disgust
No Surprises,OK Computer,Radiohead,Disgust
Heart of Gold - 2009 Remaster,Harvest (2009 Remaster),Neil Young,Disgust
All of Me,Love In The Future (Expanded Edition),John Legend,Disgust
you were good to me (bonus track),love is not dying,Jeremy Zucker,Disgust
the remedy for a broken heart (why am I so in love),?,XXXTENTACION,Disgust
Lie,Perception,NF,Disgust
Fearless Pt. II,NCS: The Best of 2017,Various Artists,Fear
Fearless,Fearless,Lost Sky,Fear
Ark,Ark,Star Party,Fear
Supersonic,Supersonic,Rob Gasser,Fear
Fearless Pt. II,NCS: The Best of 2017,Various Artists,Fear
Mortals,Mortals,Warriyo,Fear
Horizon,Dying Light (Original Game Soundtrack),Pawel Blaszczak,Fear
Fearless,Fearless,Lost Sky,Fear
Ark,Ark,Star Party,Fear
Ark,Ark,Star Party,Fear
Mortals,Mortals,Warriyo,Fear
Horizon,Dying Light (Original Game Soundtrack),Pawel Blaszczak,Fear
Supersonic,Supersonic,Rob Gasser,Fear
Feel Good,Feel Good,Syn Cole,Fear
Fearless Pt. II,NCS: The Best of 2017,Various Artists,Fear
Horizon,Dying Light (Original Game Soundtrack),Pawel Blaszczak,Fear
Mortals,Mortals,Warriyo,Fear
Fearless,Fearless,Lost Sky,Fear
Blank,Blank,Disfigure,Fear
Symbolism,Symbolism,Electro-Light,Fear
Symbolism,Symbolism,Electro-Light,Fear
Blank,Blank,Disfigure,Fear
On & On,On & On,Cartoon,Fear
On & On,On & On,Cartoon,Fear
Invincible,Invincible,Deaf Kev,Fear
Invincible,Invincible,Deaf Kev,Fear
Sky High,Sky High,Elektronomia,Fear
Nekozilla,NCS: Infinity,Various Artists,Fear
Firefly,Firefly,Jim Yosef,Fear
Hope (Original Mix),Hope,Tobu,Fear
Leave The Door Open,Leave The Door Open,Bruno Mars,Happy
Dynamite,Dynamite (DayTime Version),BTS,Happy
Levitating (feat. DaBaby),Future Nostalgia,Dua Lipa,Happy
Kiss Me More (feat. SZA),Kiss Me More (feat. SZA),Doja Cat,Happy
Perfect,? (Deluxe),Ed Sheeran,Happy
GIRL LIKE ME,GIRL LIKE ME,Black Eyed Peas,Happy
We Need Love - Cabu Remix,We Need Love (Cabu Remix),Cabu,Happy
Dance Monkey,Dance Monkey,Tones And I,Happy
Uptown Funk (feat. Bruno Mars),Uptown Special,Mark Ronson,Happy
Sugar,V (Deluxe),Maroon 5,Happy
Girls Like You (feat. Cardi B),Girls Like You (feat. Cardi B),Maroon 5,Happy
Ice Cream (with Selena Gomez),Ice Cream (with Selena Gomez),BLACKPINK,Happy
Useless,Useless,Two Friends,Happy
Roar,PRISM (Deluxe),Katy Perry,Happy
The Lazy Song,Doo-Wops & Hooligans,Bruno Mars,Happy
Thinking out Loud,x (Deluxe Edition),Ed Sheeran,Happy
damn i love the rain,damn i love the rain,Gabriella Zauna,Happy
Intentions (feat. Quavo),Changes,Justin Bieber,Happy
That's What I Like,24K Magic,Bruno Mars,Happy
Makes Me Feel This Way,Makes Me Feel This Way,Nairobi,Happy
Lean On (feat. M? & DJ Snake),Peace Is The Mission : Extended,Major Lazer,Happy
Barcelona,Barcelona,Andra,Happy
Happy,Despicable Me 2 (Original Motion Picture Soundtrack),Various Artists,Happy
Hymn for the Weekend,A Head Full of Dreams,Coldplay,Happy
The Nights,Stories,Avicii,Happy
"CAN'T STOP THE FEELING! (Original Song from DreamWorks Animation's ""TROLLS"")","CAN'T STOP THE FEELING! (Original Song from DreamWorks Animation's ""TROLLS"")",Justin Timberlake,Happy
I Feel It Coming,Starboy,The Weeknd,Happy
No Lie,No Lie,Sean Paul,Happy
All of Me,Love In The Future (Expanded Edition),John Legend,Happy
Sweet Dreams - Radio Killer Remix,Sweet Dreams (Radio Killer Remix),Andra,Happy
Cheap Thrills (feat. Sean Paul),This Is Acting (Deluxe Version),Sia,Happy
Don't Start Now,Future Nostalgia,Dua Lipa,Happy
On The Floor,Love?,Jennifer Lopez,Happy
Closer,Closer,The Chainsmokers,Happy
The Real Slim Shady,The Marshall Mathers LP,Eminem,Happy
2002,2002,Anne-Marie,Happy
Sweater Weather,I Love You.,The Neighbourhood,Happy
Better,Better,Khalid,Happy
Hips Don't Lie (feat. Wyclef Jean),"Oral Fixation, Vol. 2 (Expanded Edition)",Shakira,Happy
Adventure of a Lifetime,A Head Full of Dreams,Coldplay,Happy
It's My Life,Crush,Bon Jovi,Happy
Yummy,Yummy,Justin Bieber,Happy
24K Magic,24K Magic,Bruno Mars,Happy
Physical,Future Nostalgia,Dua Lipa,Happy
Cover Me In Sunshine,Cover Me In Sunshine,P!nk,Happy
Locked out of Heaven,Unorthodox Jukebox,Bruno Mars,Happy
Stereo Hearts (feat. Adam Levine),The Papercut Chronicles II (Deluxe Edition),Gym Class Heroes,Happy
Wake Me Up,TRUE,Avicii,Happy
Just the Way You Are,Doo-Wops & Hooligans,Bruno Mars,Happy
"I'm the One (feat. Justin Bieber, Quavo, Chance the Rapper & Lil Wayne)",Grateful,DJ Khaled,Happy
Something Just Like This,Something Just Like This,The Chainsmokers,Happy
Waiting For Love,Stories,Avicii,Happy
Eenie Meenie,Eenie Meenie,Sean Kingston,Happy
Watermelon Sugar,Fine Line,Harry Styles,Happy
Night Changes,FOUR (Deluxe),One Direction,Happy
Say So,Hot Pink,Doja Cat,Happy
Electric,Electric,Katy Perry,Happy
Higher Power,Higher Power,Coldplay,Happy
My Head & My Heart,Heaven & Hell,Ava Max,Happy
Hold On,Hold On,Justin Bieber,Happy
Follow You,Follow You / Cutthroat,Imagine Dragons,Happy
BED,BED,Joel Corry,Happy
Run,Run,OneRepublic,Happy
"34+35 Remix (feat. Doja Cat, Megan Thee Stallion) - Remix",34+35 (Remix),Ariana Grande,Happy
On The Ground,R,ROS?,Happy
Floating Through Space,Floating Through Space,Sia,Happy
Waves of Blue,Waves of Blue,Majid Jordan,Happy
Fireworks (feat. Moss Kena & The Knocks),Fireworks (feat. Moss Kena & The Knocks),Purple Disco Machine,Happy
Titans (feat. Sia & Labrinth),Music Is The Weapon (Reloaded),Major Lazer,Happy
Lifestyle (feat. Adam Levine),Lifestyle (feat. Adam Levine),Jason Derulo,Happy
Let?s Go Home Together,Let?s Go Home Together (Luca Schreiner Remix),Ella Henderson,Happy
Dancing On Dangerous (feat. Sof?a Reyes),Dancing On Dangerous (feat. Sof?a Reyes),Imanbek,Happy
Off My Face,Justice,Justin Bieber,Happy
Girl From Rio,Girl From Rio,Anitta,Happy
Treat People With Kindness,Fine Line,Harry Styles,Happy
Medicine,Medicine,James Arthur,Happy
Starstruck,Starstruck,Years & Years,Happy
Hey Boy (feat. Burna Boy),Hey Boy (feat. Burna Boy),Sia,Happy
Deserve You,Justice,Justin Bieber,Happy
Higher (feat. iann dior),Higher (feat. iann dior),Clean Bandit,Happy
Heathens,Heathens,Twenty One Pilots,Calm
Attention,Voicenotes,Charlie Puth,Calm
There's Nothing Holdin' Me Back,Illuminate (Deluxe),Shawn Mendes,Calm
Believer,Evolve,Imagine Dragons,Calm
Galway Girl,? (Deluxe),Ed Sheeran,Calm
Faded,Different World,Alan Walker,Calm
Symphony (feat. Zara Larsson),What Is Love? (Deluxe Edition),Clean Bandit,Calm
Fight Song,Wildfire,Rachel Platten,Calm
Rockabye (feat. Sean Paul & Anne-Marie),What Is Love? (Deluxe Edition),Clean Bandit,Calm
Shape of You,? (Deluxe),Ed Sheeran,Calm
Something Just Like This,Memories...Do Not Open,The Chainsmokers,Calm
Treat You Better,Illuminate (Deluxe),Shawn Mendes,Calm
Thunder,Evolve,Imagine Dragons,Calm
Havana (feat. Young Thug),Camila,Camila Cabello,Calm
Let Me Love You,Encore,DJ Snake,Calm
Mama,Blue,Jonas Blue,Calm
Alone,Different World,Alan Walker,Calm
That's What I Like,24K Magic,Bruno Mars,Calm
In the Name of Love,In the Name of Love,Martin Garrix,Calm
Wolves,Wolves,Selena Gomez,Calm
Mercy,Illuminate (Deluxe),Shawn Mendes,Calm
How Long,Voicenotes,Charlie Puth,Calm
Paris,Memories...Do Not Open,The Chainsmokers,Calm
"Feels (feat. Pharrell Williams, Katy Perry & Big Sean)",Funk Wav Bounces Vol.1,Calvin Harris,Calm
Perfect,? (Deluxe),Ed Sheeran,Calm
24K Magic,24K Magic,Bruno Mars,Calm
Friends (with BloodPop?),Friends (with BloodPop?),Justin Bieber,Calm
Look What You Made Me Do,reputation,Taylor Swift,Calm
Sorry Not Sorry,Tell Me You Love Me (Deluxe),Demi Lovato,Calm
Starboy,Starboy,The Weeknd,Calm
Perfect Strangers,Blue,Jonas Blue,Calm
Issues,Nervous System,Julia Michaels,Calm
My Way,My Way,Calvin Harris,Calm
Ride,Blurryface,Twenty One Pilots,Calm
More Than You Know,More Than You Know,Axwell /\ Ingrosso,Calm
What About Us,Beautiful Trauma,P!nk,Calm
Slow Hands,Flicker (Deluxe),Niall Horan,Calm
Your Song,Phoenix (Deluxe Edition),Rita Ora,Calm
Crying in the Club,Crying in the Club,Camila Cabello,Calm
Fetish (feat. Gucci Mane),Fetish (feat. Gucci Mane),Selena Gomez,Calm
Pretty Girl - Cheat Codes X CADE Remix,Pretty Girl (Cheat Codes X CADE Remix),Maggie Lindemann,Calm
...Ready For It?,reputation,Taylor Swift,Calm
Castle on the Hill,? (Deluxe),Ed Sheeran,Calm
Most Girls,Most Girls,Hailee Steinfeld,Calm
Silence,Silence,Marshmello,Calm
The Cure,The Cure,Lady Gaga,Calm
Glorious (feat. Skylar Grey),GEMINI,Macklemore,Calm
I Like Me Better,I met you when I was 18. (the playlist),Lauv,Calm
I Feel It Coming,Starboy,The Weeknd,Calm
Bon app?tit,Witness (Deluxe),Katy Perry,Calm
"Let Me Go (with Alesso, Florida Georgia Line & watt)","Let Me Go (with Alesso, Florida Georgia Line & watt)",Hailee Steinfeld,Calm
Now Or Never,hopeless fountain kingdom (Deluxe),Halsey,Calm
1-800-273-8255,Everybody,Logic,Calm
Instruction,Tell Me You Love Me (Deluxe),Demi Lovato,Calm
OMG (feat. Quavo),OMG (feat. Quavo),Camila Cabello,Calm
Unforgettable,Jungle Rules,French Montana,Calm
Feel It Still,Woodstock,Portugal. The Man,Calm
Too Much To Ask,Flicker (Deluxe),Niall Horan,Calm
Green Light,Melodrama,Lorde,Calm
Gorgeous,reputation,Taylor Swift,Calm
Why,Why,Sabrina Carpenter,Calm
Young Dumb & Broke,American Teen,Khalid,Calm
Tell Me You Love Me,Tell Me You Love Me (Deluxe),Demi Lovato,Calm
No More Sad Songs (feat. Machine Gun Kelly),Glory Days: The Platinum Edition,Little Mix,Calm
Bad At Love,hopeless fountain kingdom (Deluxe),Halsey,Calm
Love So Soft,Meaning of Life,Kelly Clarkson,Calm
Perfect Places,Melodrama,Lorde,Calm
Good Old Days (feat. Kesha),GEMINI,Macklemore,Calm
I Got You,Expectations,Bebe Rexha,Calm
Slide (feat. Frank Ocean & Migos),Funk Wav Bounces Vol.1,Calvin Harris,Calm
Good Life (with G-Eazy & Kehlani),The Fate of the Furious: The Album,Various Artists,Calm
Meant to Be (feat. Florida Georgia Line),Expectations,Bebe Rexha,Calm
Homemade Dynamite - REMIX,Melodrama,Lorde,Calm
Never Be the Same - Radio Edit,Camila,Camila Cabello,Calm
I Miss You (feat. Julia Michaels),What Is Love? (Deluxe Edition),Clean Bandit,Calm
Beautiful Trauma,Beautiful Trauma,P!nk,Calm
Let You Down,Perception,NF,Calm
rockstar (feat. 21 Savage),beerbongs & bentleys,Post Malone,Calm
Him & I (with Halsey),The Beautiful & Damned,G-Eazy,Calm
All Falls Down (feat. Juliander),Different World,Alan Walker,Calm
Whatever It Takes,Evolve,Imagine Dragons,Calm
At My Best (feat. Hailee Steinfeld),bloom,Machine Gun Kelly,Calm
Miss You,Miss You,Louis Tomlinson,Calm
Thumbs,EVOLution,Sabrina Carpenter,Calm
Reminding Me,My Side of Your Story,Shawn Hook,Calm
Finesse - Remix; feat. Cardi B,Finesse (Remix) [feat. Cardi B],Bruno Mars,Calm
On The Loose,Flicker (Deluxe),Niall Horan,Calm
Phases,Phases,ALMA,Calm
Obsessed,Obsessed,Maggie Lindemann,Calm
Just Hold On,Neon Future III,Steve Aoki,Calm
Broken Glass,Waves,Rachel Platten,Calm
Let Me,Icarus Falls,ZAYN,Calm
Whatever You Want,Beautiful Trauma,P!nk,Calm
Faking It (feat. Kehlani & Lil Yachty) - Radio Edit,Faking It (feat. Kehlani & Lil Yachty) [Radio Edit],Calvin Harris,Calm
The Middle,The Middle,Zedd,Calm
Complicated (feat. Kiiara),Complicated (feat. Kiiara),Dimitri Vegas & Like Mike,Calm
Want You Back,Youngblood (Deluxe),5 Seconds of Summer,Calm
One Foot,What If Nothing,WALK THE MOON,Calm
FRIENDS,Speak Your Mind (Deluxe),Anne-Marie,Calm
Heat,Meaning of Life,Kelly Clarkson,Calm
Get You The Moon (feat. Sn?w),Get You The Moon (feat. Sn?w),Kina,Sad
Jocelyn Flores,17,XXXTENTACION,Sad
Someone You Loved,Divinely Uninspired To A Hellish Extent,Lewis Capaldi,Sad
how to live,how to live,yaeow,Sad
It's You,YOU,Ali Gatie,Sad
Loosing Interest,Passion & Confusion,Timmies,Sad
Tell Me Goodbye,Tell Me Goodbye,ORYL,Sad
Dead and Cold,Dead and Cold,ELIJAH MOON,Sad
Heather,Kid Krow,Conan Gray,Sad
Reckless,Reckless,Madison Beer,Sad
paradise,paradise,cliffe,Sad
Me Too,Me Too,April Jai,Sad
Six Feet Under,Six Feet Under,Billie Eilish,Sad
Circles,Hollywood's Bleeding,Post Malone,Sad
All Alone,All Alone,S?lace,Sad
Nobody Knows My Name,Nobody Knows My Name,DANIEL,Sad
Everybody Dies In Their Nightmares,17,XXXTENTACION,Sad
More to the Story,More to the Story,Kristina Nichol,Sad
talk with me (about it),talk with me (about it),Brvno,Sad
Heartbreak Anniversary,TAKE TIME,Giveon,Sad
i haven't let go,i haven't let go,RNAQ,Sad
idfc,deadroses,blackbear,Sad
Till Forever Falls Apart,Till Forever Falls Apart,Ashe,Sad
I Need You,I Need You,ORYL,Sad
Someone Like You,21,Adele,Sad
Train Wreck,Back from the Edge,James Arthur,Sad
When I'm Gone,When I'm Gone,Wikw,Sad
Goodbye,Goodbye,Rachel Lorin,Sad
bad ones,TOO YOUNG TO BE SAD,Tate McRae,Sad
Helluvaride,Helluvaride,Oceans Ahead,Sad
Arcade,Small Town Boy (Track By Track),Duncan Laurence,Sad
Therapy,Therapy,Tasty,Sad
r u ok,TOO YOUNG TO BE SAD,Tate McRae,Sad
Goddess Kinda Power - Acoustic Version,Goddess Kinda Power (Acoustic Version),Josefine,Sad
Horrors in the Dark,Horrors in the Dark,Sofi Gev,Sad
Like the Weather,Like the Weather,Hand Made House,Sad
Happier,? (Deluxe),Ed Sheeran,Sad
Get to Me,Get to Me,Emma Charles,Sad
Skin,Skin,Sabrina Carpenter,Sad
Self Destructive,Self Destructive,Julia Rizik,Sad
On The Low,On The Low,Wovy,Sad
7 Years,Lukas Graham,Lukas Graham,Sad
Oxygen,Welcome To Jupiter 1.0,Grace Gaustad,Sad
slower,slower,Tate McRae,Sad
What I Need,What I Need,ORYL,Sad
drivers license,drivers license,Olivia Rodrigo,Sad
Lonely (with benny blanco),Lonely (with benny blanco),Justin Bieber,Sad
Half A Man,A Place We Knew,Dean Lewis,Sad
1-800-273-8255,Everybody,Logic,Sad
Amen,Amen,John Adams,Sad
Let It Go,Chaos And The Calm,James Bay,Sad
lovely (with Khalid),lovely (with Khalid),Billie Eilish,Sad
changes,?,XXXTENTACION,Sad
"i hate u, i love u (feat. olivia o'brien)",us,gnash,Sad
Bruises,Divinely Uninspired To A Hellish Extent,Lewis Capaldi,Sad
when the party's over,"WHEN WE ALL FALL ASLEEP, WHERE DO WE GO?",Billie Eilish,Sad
Too Late For Sorries,Too Late For Sorries,Wovy,Sad
Dancing With A Stranger (With Normani) - Acoustic,Dancing With A Stranger (With Normani) [Acoustic],Sam Smith,Sad
You Belong To Somebody Else,You Belong To Somebody Else,PJ Harding,Sad
Lost Without You,Lost Without You,Freya Ridings,Sad
Sweater Weather,Sweater Weather,ORYL,Sad
Dead End,Dead End,Jan Metternich,Sad
Be Alright,A Place We Knew,Dean Lewis,Sad
Can We Kiss Forever?,Can We Kiss Forever?,Kina,Sad
Circles,Start as You Mean to Go On,Iann Brennan,Sad
Say Something,Is There Anybody Out There?,A Great Big World,Sad
If The World Was Ending,If The World Was Ending,JP Saxe,Sad
my future,my future,Billie Eilish,Sad
Nude,In Rainbows,Radiohead,Sad
At My Worst,The Prelude,Pink Sweat$,Sad
Fix You,X&Y,Coldplay,Sad
ANXIOUS,ANXIOUS,Josh A,Sad
XO,i think you think too much of me,EDEN,Sad
Coaster,American Teen,Khalid,Sad
Not About Angels,Not About Angels,Birdy,Sad
Let Her Go,All The Little Lights,Passenger,Sad
Save Your Tears,After Hours,The Weeknd,Sad
Breathe Me,Colour The Small One,Sia,Sad
Broken,Broken,Lund,Sad
Hold Me While You Wait,Divinely Uninspired To A Hellish Extent,Lewis Capaldi,Sad
Let You Down,Perception,NF,Sad
Coaster,Coaster,Khalid,Sad
Say You Won't Let Go,Back from the Edge,James Arthur,Sad
Let Her Go - Acoustic,All The Little Lights,Passenger,Sad
Moonlight,YOU,Ali Gatie,Sad
Stay,Unapologetic (Deluxe),Rihanna,Sad
You're Beautiful,Back to Bedlam,James Blunt,Sad
Chicago Freestyle (feat. Giveon),Dark Lane Demo Tapes,Drake,Sad
Breakeven,The Script,The Script,Sad
Yellow,Parachutes,Coldplay,Sad
Feel,Escapology,Robbie Williams,Sad
How to Save a Life,How To Save A Life,The Fray,Sad
you broke me first,you broke me first,Tate McRae,Sad
Bigger Than Me,The Show Is Over,Baker Grace,Sad
No Surprises,OK Computer,Radiohead,Sad
Heart of Gold - 2009 Remaster,Harvest (2009 Remaster),Neil Young,Sad
All of Me,Love In The Future (Expanded Edition),John Legend,Sad
you were good to me (bonus track),love is not dying,Jeremy Zucker,Sad
the remedy for a broken heart (why am I so in love),?,XXXTENTACION,Sad
Lie,Perception,NF,Sad
good 4 u,SOUR,Olivia Rodrigo,Surprise
Todo De Ti,Todo De Ti,Rauw Alejandro,Surprise
MONTERO (Call Me By Your Name),MONTERO (Call Me By Your Name),Lil Nas X,Surprise
Yonaguni,Yonaguni,Bad Bunny,Surprise
Kiss Me More (feat. SZA),Kiss Me More (feat. SZA),Doja Cat,Surprise
Beggin',Chosen,M?neskin,Surprise
deja vu,SOUR,Olivia Rodrigo,Surprise
Butter,"Butter (Hotter, Sweeter, Cooler)",BTS,Surprise
Levitating (feat. DaBaby),Future Nostalgia,Dua Lipa,Surprise
Peaches (feat. Daniel Caesar & Giveon),Justice,Justin Bieber,Surprise
I WANNA BE YOUR SLAVE,Teatro d'ira - Vol. I,M?neskin,Surprise
traitor,SOUR,Olivia Rodrigo,Surprise
Qu? M?s Pues?,Qu? M?s Pues?,J Balvin,Surprise
happier,SOUR,Olivia Rodrigo,Surprise
Save Your Tears (with Ariana Grande) (Remix),Save Your Tears (Remix),The Weeknd,Surprise
drivers license,SOUR,Olivia Rodrigo,Surprise
Astronaut In The Ocean,Astronaut In The Ocean (International Remixes),Masked Wolf,Surprise
Leave The Door Open,Leave The Door Open,Bruno Mars,Surprise
favorite crime,SOUR,Olivia Rodrigo,Surprise
RAPSTAR,Hall of Fame,Polo G,Surprise
Pareja Del A?o,Pareja Del A?o,Sebastian Yatra,Surprise
Build a Bitch,Build a Bitch,Bella Poarch,Surprise
Blinding Lights,After Hours,The Weeknd,Surprise
Friday (feat. Mufasa & Hypeman) - Dopamine Re-Edit,Friday (feat. Mufasa & Hypeman) [Dopamine Re-Edit],Riton,Surprise
ZITTI E BUONI,Teatro d'ira - Vol. I,M?neskin,Surprise
brutal,SOUR,Olivia Rodrigo,Surprise
"jealousy, jealousy",SOUR,Olivia Rodrigo,Surprise
AM,AM,Nio Garcia,Surprise
Dynamite,BE,BTS,Surprise
D?KITI,EL ?LTIMO TOUR DEL MUNDO,Bad Bunny,Surprise
Dinero,Dinero,Trinidad Cardona,Surprise
Watermelon Sugar,Fine Line,Harry Styles,Surprise
Fiel - Remix,Fiel (Remix),Wisin,Surprise
Heat Waves,Dreamland (+ Bonus Levels),Glass Animals,Surprise
Beautiful Mistakes (feat. Megan Thee Stallion),JORDI (Deluxe),Maroon 5,Surprise
Heartbreak Anniversary,TAKE TIME,Giveon,Surprise
Fiel,Los Legendarios 001,Los Legendarios,Surprise
2/Catorce,2/Catorce,Rauw Alejandro,Surprise
The Business,The Business,Ti?sto,Surprise
telepat?a,Sin Miedo (del Amor y Otros Demonios) ?,Kali Uchis,Surprise
Mood (feat. iann dior),El Dorado,24kGoldn,Surprise
Save Your Tears,After Hours,The Weeknd,Surprise
Rasputin,Rasputin,Majestic,Surprise
Your Love (9PM),Your Love (9PM),ATB,Surprise
Wants and Needs (feat. Lil Baby),Scary Hours 2,Drake,Surprise
enough for you,SOUR,Olivia Rodrigo,Surprise
Botella Tras Botella,Botella Tras Botella,Gera MX,Surprise
EL MAKINON,KG0516,KAROL G,Surprise
Lost Cause,Lost Cause,Billie Eilish,Surprise
Mi?nteme,Mi?nteme,TINI,Surprise